{"rmse": 0.04937381990446961, "mae": 0.03846199810504913, "threshold": 0.12003266239613533, "cluster_stats": {"mean": {"0": -0.122, "1": 0.12}, "min": {"0": -0.32, "1": -0.001}, "max": {"0": -0.001, "1": 0.32}, "count": {"0": 8697, "1": 8824}}, "cluster_table": [{"Cluster": 0, "mean": -0.122, "min": -0.32, "max": -0.001, "count": 8697}, {"Cluster": 1, "mean": 0.12, "min": -0.001, "max": 0.32, "count": 8824}]}