{"rmse": 0.0873084016304314, "mae": 0.06975734233856201, "threshold": 0.2636479092912406, "cluster_stats": {"mean": {"0": -0.2, "1": 0.264}, "min": {"0": -0.545, "1": 0.032}, "max": {"0": 0.032, "1": 0.628}, "count": {"0": 9969, "1": 7552}}, "cluster_table": [{"Cluster": 0, "mean": -0.2, "min": -0.545, "max": 0.032, "count": 9969}, {"Cluster": 1, "mean": 0.264, "min": 0.032, "max": 0.628, "count": 7552}]}