{"rmse": 0.10478049460757974, "mae": 0.08382437378168106, "threshold": 0.2939128993647637, "cluster_stats": {"mean": {"0": -0.202, "1": 0.293}, "min": {"0": -0.559, "1": 0.046}, "max": {"0": 0.046, "1": 0.681}, "count": {"0": 10386, "1": 7135}}, "cluster_table": [{"Cluster": 0, "mean": -0.202, "min": -0.559, "max": 0.046, "count": 10386}, {"Cluster": 1, "mean": 0.293, "min": 0.046, "max": 0.681, "count": 7135}]}