{"rmse": 0.07461495428544755, "mae": 0.05903308093547821, "threshold": 0.279433752453094, "cluster_stats": {"mean": {"0": 0.28, "1": -0.189}, "min": {"0": 0.045, "1": -0.524}, "max": {"0": 0.652, "1": 0.045}, "count": {"0": 7057, "1": 10464}}, "cluster_table": [{"Cluster": 0, "mean": 0.28, "min": 0.045, "max": 0.652, "count": 7057}, {"Cluster": 1, "mean": -0.189, "min": -0.524, "max": 0.045, "count": 10464}]}