{"rmse": 0.07712588403093117, "mae": 0.060265809297561646, "threshold": 0.27627246618203916, "cluster_stats": {"mean": {"0": 0.277, "1": -0.184}, "min": {"0": 0.046, "1": -0.509}, "max": {"0": 0.641, "1": 0.046}, "count": {"0": 7005, "1": 10539}}, "cluster_table": [{"Cluster": 0, "mean": 0.277, "min": 0.046, "max": 0.641, "count": 7005}, {"Cluster": 1, "mean": -0.184, "min": -0.509, "max": 0.046, "count": 10539}]}