{"rmse": 0.044919070902671075, "mae": 0.03464350476861, "threshold": 0.16108075479464326, "cluster_stats": {"mean": {"0": 0.161, "1": -0.146}, "min": {"0": 0.008, "1": -0.323}, "max": {"0": 0.395, "1": 0.008}, "count": {"0": 8091, "1": 8947}}, "cluster_table": [{"Cluster": 0, "mean": 0.161, "min": 0.008, "max": 0.395, "count": 8091}, {"Cluster": 1, "mean": -0.146, "min": -0.323, "max": 0.008, "count": 8947}]}