{"rmse": 0.06213477832778591, "mae": 0.04741914942860603, "threshold": 0.2669459254093959, "cluster_stats": {"mean": {"0": -0.303, "1": 0.268}, "min": {"0": -0.694, "1": -0.018}, "max": {"0": -0.018, "1": 0.619}, "count": {"0": 8148, "1": 9235}}, "cluster_table": [{"Cluster": 0, "mean": -0.303, "min": -0.694, "max": -0.018, "count": 8148}, {"Cluster": 1, "mean": 0.268, "min": -0.018, "max": 0.619, "count": 9235}]}