{"rmse": 0.09330233343636789, "mae": 0.07341236621141434, "threshold": 0.2956489808954853, "cluster_stats": {"mean": {"0": -0.209, "1": 0.295}, "min": {"0": -0.575, "1": 0.044}, "max": {"0": 0.043, "1": 0.686}, "count": {"0": 10267, "1": 7277}}, "cluster_table": [{"Cluster": 0, "mean": -0.209, "min": -0.575, "max": 0.043, "count": 10267}, {"Cluster": 1, "mean": 0.295, "min": 0.044, "max": 0.686, "count": 7277}]}