{"rmse": 0.07101550918985121, "mae": 0.055935777723789215, "threshold": 0.2787282267796131, "cluster_stats": {"mean": {"0": 0.278, "1": -0.182}, "min": {"0": 0.049, "1": -0.504}, "max": {"0": 0.64, "1": 0.048}, "count": {"0": 6933, "1": 10611}}, "cluster_table": [{"Cluster": 0, "mean": 0.278, "min": 0.049, "max": 0.64, "count": 6933}, {"Cluster": 1, "mean": -0.182, "min": -0.504, "max": 0.048, "count": 10611}]}