{"rmse": 0.08176384495325316, "mae": 0.06540610641241074, "threshold": 0.27855384329373173, "cluster_stats": {"mean": {"0": -0.181, "1": 0.278}, "min": {"0": -0.503, "1": 0.049}, "max": {"0": 0.049, "1": 0.638}, "count": {"0": 10630, "1": 6914}}, "cluster_table": [{"Cluster": 0, "mean": -0.181, "min": -0.503, "max": 0.049, "count": 10630}, {"Cluster": 1, "mean": 0.278, "min": 0.049, "max": 0.638, "count": 6914}]}