{"rmse": 0.07663063221860479, "mae": 0.06122139096260071, "threshold": 0.27863740064428927, "cluster_stats": {"mean": {"0": -0.182, "1": 0.278}, "min": {"0": -0.504, "1": 0.049}, "max": {"0": 0.048, "1": 0.64}, "count": {"0": 10609, "1": 6935}}, "cluster_table": [{"Cluster": 0, "mean": -0.182, "min": -0.504, "max": 0.048, "count": 10609}, {"Cluster": 1, "mean": 0.278, "min": 0.049, "max": 0.64, "count": 6935}]}