{"rmse": 0.08640225677592783, "mae": 0.06830544769763947, "threshold": 0.2915089586542881, "cluster_stats": {"mean": {"0": -0.202, "1": 0.292}, "min": {"0": -0.558, "1": 0.044}, "max": {"0": 0.044, "1": 0.681}, "count": {"0": 10357, "1": 7164}}, "cluster_table": [{"Cluster": 0, "mean": -0.202, "min": -0.558, "max": 0.044, "count": 10357}, {"Cluster": 1, "mean": 0.292, "min": 0.044, "max": 0.681, "count": 7164}]}