{"rmse": 0.10748281917535678, "mae": 0.0859876424074173, "threshold": 0.29347699703061914, "cluster_stats": {"mean": {"0": -0.21, "1": 0.294}, "min": {"0": -0.575, "1": 0.042}, "max": {"0": 0.041, "1": 0.687}, "count": {"0": 10233, "1": 7288}}, "cluster_table": [{"Cluster": 0, "mean": -0.21, "min": -0.575, "max": 0.041, "count": 10233}, {"Cluster": 1, "mean": 0.294, "min": 0.042, "max": 0.687, "count": 7288}]}